{
  "ate_mean_m": 48.62767926265203,
  "ate_rmse_m": 54.420762548252284,
  "ate_std_m": 24.43293281335462,
  "completeness_pct": 91.07920632360059,
  "delta_m": 10.0,
  "gt_poses": 6199,
  "matched_poses": 5646,
  "rpe_rot_drift_deg_per_100m": 74.03821146005578,
  "rpe_rot_mean_deg": 7.403821146005578,
  "rpe_rot_rmse_deg": 16.286868268761616,
  "rpe_trans_drift_m_per_m": 2.2019564888971184,
  "rpe_trans_mean_m": 22.019564888971185,
  "rpe_trans_rmse_m": 22.255072112529756,
  "t_max_diff_s": 0.1
}